ID_ART	Sep_2024	Oct_2024	Nov_2024	Dic_2024	Ene_2025	Feb_2025	Mar_2025	Abr_2025	May_2025	Jun_2025	Jul_2025	Ago_2025
AUAC3-4-1	2,332753	3,269509	3,86093	4,105969	4,072217	3,913315	3,732841	3,563596	3,410241	3,280001	3,176627	3,098394
AUACAC24NE600	0,998245	0,950056	1,372024	1,63607	1,944966	2,118667	2,189775	2,126773	2,011535	1,902637	1,854076	1,862666
AUACAP40	0,977146	0,979753	0,928591	0,925722	0,923845	0,922389	0,922183	0,922076	0,922027	0,922016	0,922011	0,92201
AUACAR10SH	3,518991	3,453414	4,361804	4,473773	4,786244	4,821449	4,91346	4,911893	4,934061	4,927282	4,931765	4,927766
AUACAR200	2,57302	2,55111	2,566818	2,578622	2,579914	2,580129	2,580318	2,580365	2,580372	2,580375	2,580376	2,580377
AUACAR380	0,394379	1,073132	1,700067	1,397628	1,16125	1,515928	1,327919	1,763062	2,187333	0	0,041462	0,259438
AUACAVANTI6000Z	0,001257	0,001413	0,001496	0,001516	0,001524	0,001526	0,001526	0,001526	0,001527	0,001527	0,001527	0,001527
AUACCH1	1,085935	1,104281	0,932268	0,919572	0,894031	0,890145	0,886237	0,885341	0,88471	0,884525	0,884419	0,884384
AUACDG1224	4,65046	3,257859	3,097701	3,034792	3,053079	3,014228	2,96692	2,960652	3,10759	3,120935	3,076751	3,053276
AUACEG501	3,250853	1,586329	1,636932	2,343943	1,944169	1,325804	0,102838	0	0	0	0,735193	1,399816
AUACFC351	6,231501	3,183108	3,752662	4,626482	4,38969	4,211668	4,378683	4,475857	4,453289	4,459075	4,492312	4,507156
AUACFENIX601	1,37065	1,522884	1,572301	1,559026	1,520903	1,498848	1,48943	1,489304	1,493568	1,490502	1,490782	1,497664
AUACFEX10	0,00349	0,007065	0,005079	0,001336	0	0	0	0	0	0	0	0
AUACIN624	0,790817	1,072292	1,199235	1,254947	1,2769	1,283452	1,283346	1,282373	1,281538	1,281011	1,28073	1,280601
AUACKCP501R	0	0,154387	0,419082	0,766477	1,230335	1,781177	2,289035	2,219488	0,718905	0,249179	0,331047	0,475255
AUACSB9	0,080148	0,099297	0,049867	0,055381	0,054739	0,052366	0,052668	0,052555	0,052444	0,052458	0,052448	0,052443
AUELEE16	0	0,4646	1,392185	2,027798	2,172238	2,548114	3,200528	3,279045	3,052078	2,521898	2,581856	1,842902
HEELAG114	24,85333	23,76671	23,64657	23,77039	23,78272	23,78378	23,78305	23,78294	23,78293	23,78294	23,78293	23,78293
HEELAG1142KIT	11,88084	10,6753	8,935659	3,148854	11,98906	23,45771	18,62976	15,26914	31,29045	23,72517	3,943896	8,173615
HEELCINPA30410	3,390177	4,654455	4,455254	4,299915	4,320932	4,34636	4,337449	4,325817	4,321471	4,312327	4,311857	4,310584
HEELJS750	7,000627	6,954472	6,537381	6,640405	6,559839	6,533284	6,710083	6,703816	6,699153	6,707822	6,712621	6,719684
HEELPW2482	19,09858	19,59488	20,28658	20,34982	20,43917	20,49693	20,51418	20,52594	20,53213	20,53478	20,53627	20,53701
HEELTA1500	3,812745	3,946741	3,750962	3,647165	3,644784	3,632803	3,628961	3,62838	3,627761	3,627599	3,627551	3,627522
HEELXB0220	4,639692	4,087503	3,067014	2,939252	4,063692	3,089532	2,078782	2,777811	3,854973	2,531923	2,148884	4,156382
HEELXCB20	0,014783	0,01931	0,023856	0,026455	0,029349	0,030127	0,031413	0,032155	0,031262	0,031377	0,030151	0,030147
HEFUFD52	26,54749	28,84815	28,81272	28,61872	28,48161	28,4174	28,39807	28,38138	28,36276	28,38184	28,35751	28,3392
MADUDG301-A	2,686527	2,762423	2,812557	2,823784	2,813006	2,802	2,800596	2,803721	2,807045	2,808485	2,805845	2,805329
SOELCSVM500IP	0,033286	0,012762	0,055639	0,105135	0,151272	0,013648	0,013241	0,014711	0,017613	0,019117	0,01831	0,015018
SOELSI7150DV	12,7255	12,58519	12,9931	13,25357	13,36571	13,47513	13,57197	13,65458	13,74371	13,75942	13,82943	13,86521
SOELSI9210DT	5,174293	5,200507	5,146732	5,024264	5,021492	5,017852	5,015347	5,015173	5,015047	5,014993	5,014986	5,014982
SOFUFW83	16,42494	21,20477	23,49067	23,53763	21,90953	20,0266	18,125	17,06359	16,82167	17,20112	17,96718	18,1959
SOSWC1-811	12,71336	10,66611	10,20597	11,30697	12,96553	13,80286	13,40771	12,48634	11,76872	11,61786	11,98458	12,49438
SOSWG1-111	2,875179	3,244919	3,342873	3,075896	3,105607	3,100512	3,082901	3,084715	3,083553	3,082378	3,082449	3,082313
SOSWG3-311	0,000115	0,000101	0,000129	0,000175	0,000221	0,000258	0,000282	0,000292	0,0001	0,0001	0,0001	0,0001
SOSWG3-313	0,006895	0,002238	0,00222	0,002219	0,002207	0,002207	0,002207	0,002207	0,002207	0,002207	0,002207	0,002207
SOSWG3-314	0	0	0	0	0	0	0	0	0	0	0	0
SOSWG3-COOL	0,026304	0,017514	0,010865	0,005411	0,005485	0,00547	0,005408	0,005335	0,005303	0,005293	0,005292	0,005291
SOSWM1-122	2,08353	2,172813	2,392139	2,685976	2,733433	2,795196	2,841752	2,856527	2,870222	2,878533	2,882286	2,885134
SOSWM2-210	0,486318	0,544231	0,53104	0,751073	0,88877	0,875037	0,92166	0,958269	1,052847	1,001483	0,93849	0,867093
SOSWM2-212	0	0	0	0	0	0	0	0	0	0	0	0
SOSWM2-214	0,006217	0,006197	0,006232	0,006212	0,006212	0,006212	0,006212	0,006212	0,006212	0,006212	0,006212	0,006212
SOSWM2-215	0	0	0	0	0	0	0	0	0	0	0	0
SOSWM2-235	1,042033	1,046445	1,046309	1,04534	1,046226	1,045714	1,047306	1,04732	1,04732	1,047319	1,04732	1,047321
SOSWM2-252	0,921284	0,797489	0,854299	0,881446	0,899317	0,908821	0,91196	0,911464	0,909178	0,906319	0,904234	0,900841
SOSWM3-317	7,803865	7,005484	6,630122	6,411708	6,263943	5,871413	5,838389	5,699625	5,607133	5,530948	5,467361	5,413247
SOSWP1-440	1,186606	0,242319	0,200412	1,097955	0,242432	0,114784	0,980721	0,263674	0,138168	0,82118	0,255895	0,107846
SOSWP2-409	0	0	0	0	0	0	0	0	0	0	0	0
SOSWP2-411	0,933143	0,879161	0,972301	0,942047	0,942306	0,93958	0,940648	0,940687	0,940763	0,940725	0,940722	0,94072
SOSWP2-412	0,043672	0,028087	0,018648	0,014149	0,012528	0,01173	0,012293	0,012413	0,01316	0,013906	0,014543	0,01418
SOSWP2-510	1,402047	0,230961	0,147067	0,634206	0,793081	0,268327	0,030246	0,231262	0,331404	0,195872	0,073897	0,114507
SOSWP2-514	1,340327	1,416352	1,658918	1,581964	1,62482	1,657874	1,654544	1,666538	1,672716	1,674569	1,677714	1,679333
SOSWP2-518	1,001734	1,028204	1,021153	1,012956	1,013214	1,013092	1,01303	1,013032	1,01303	1,01303	1,01303	1,01303
SOSWSWA2650	15,36396	16,40503	17,74046	18,58921	18,94499	19,19773	19,34118	19,41764	19,46434	19,49075	19,50567	19,51438
SOSWSWT3545A	0,002158	0,002093	0,002061	0,001883	0,001883	0,001883	0,001884	0,001884	0,001884	0,001884	0,001884	0,001884
AUACBOOM04F	0,09299	0	0,004419	0,488528	0,503666	0,458439	0,426191	0,42717	0,431592	0,433659	0,4334	0,433017
HEELAG1420	6,14154	9,280917	8,744368	10,27731	11,35831	9,499249	7,671934	8,230303	8,312713	8,374599	8,22859	7,951135
SOFUFW257	12,42767	14,9475	13,76434	17,3521	17,08859	20,74847	20,54759	19,06662	17,60721	15,41659	14,49358	13,965
SOSWP1-340	0	0,287464	0,980745	0	0,276531	0,453211	0,031183	0,19553	0,210724	0,044916	0,124862	0,10601
AUAC4010	2,988314	0,99834	3,00756	1,555178	0,016233	1,993564	1,64832	0,008363	2,802073	1,670665	0,005325	1,01668
AUACAE15	2,139617	2,757066	2,319047	2,517945	3,115432	3,267921	2,216311	2,391098	2,530774	2,470393	2,836218	2,657999
AUACAT63	4,311656	3,058223	2,293239	1,223955	1,337709	1,337709	1,337709	1,337709	1,337709	1,337709	1,337709	1,337709
AUACBD1522	3,688646	3,517922	3,517922	3,517922	3,517922	3,517922	3,517922	3,517922	3,517922	3,517922	3,517922	3,517922
AUACBL05	4,53301	2,45436	3,054889	7,287289	16,48362	13,20667	3,671199	5,460211	10,59247	15,25472	11,95676	17,31564
AUACCRAB02	2,99983	1,000343	3,999474	9,99803	9,999892	1,003897	1,000649	1,000169	13,99584	13,99876	10,00216	1,003138
AUACFX1000	7,641404	4,645121	3,922504	8,259215	4,721097	0	23,36124	7,406956	5,696732	13,26904	7,641404	4,645121
AUACGC02	1,162181	1,123962	1,134829	1,067275	1,067275	1,067275	1,067275	1,067275	1,067275	1,067275	1,067275	1,067275
AUACKCP301R	2,017339	4,554531	5,824175	2,649869	4,554531	5,824175	2,649869	4,554531	5,824175	2,649869	4,554531	5,824175
AUACKCP850R	2,031514	0	0,006069	4,447752	1,315684	2,132754	1,086861	2,36762	0,284525	1,473137	0,851599	0
AUACPB400	20,73769	28,44959	18,11279	26,20196	32,73082	21,46655	27,14507	22,25693	32,65667	24,04221	25,28295	23,73701
AUACRT3FX	7,439479	7,439479	7,439479	7,439479	7,439479	7,439479	7,439479	7,439479	7,439479	7,439479	7,439479	7,439479
AUACSB4	0,823802	0,823802	0,823802	0,823802	0,823802	0,823802	0,823802	0,823802	0,823802	0,823802	0,823802	0,823802
AUACV515	19,3801	16,82433	14,53353	17,24477	16,00172	14,80839	15,43786	12,80132	13,35677	11,10944	10,66004	12,23749
AUELMC3	8,554351	7,827447	8,150413	7,827447	8,150413	7,827447	8,150413	7,827447	8,150413	7,827447	8,150413	7,827447
AUELME811	0	4,336842	4,049418	8,134799	9,92401	4,175861	0,822275	2,384661	3,983223	7,162387	6,61852	7,358272
HEELAG181	4,944656	9,615762	15,84387	17,49122	6,081761	10,01476	6,753769	5,984463	16,56151	18,44347	7,249748	11,26688
HEELBV06	11,58821	13,29217	13,94122	13,94122	13,94122	13,94122	13,94122	13,94122	13,94122	13,94122	13,94122	13,94122
HEELDH164515	17,48426	15,19049	14,5826	13,1337	17,48426	15,19049	14,5826	13,1337	17,48426	15,19049	14,5826	13,1337
HEELRM9026	13,36512	19,09497	17,19198	17,30879	17,30879	17,30879	17,30879	17,30879	17,30879	17,30879	17,30879	17,30879
HEFUBFCD12	0,435156	0,371849	0,190121	0,829814	0,829814	0,829814	0,829814	0,829814	0,829814	0,829814	0,829814	0,829814
MADUDG701	4,000299	4,238181	6,861261	7,535544	8,377499	5,138806	7,455025	4,2468	6,588603	8,072915	7,431512	9,04686
SOELAT2610254M	6,017252	4,534946	5,918408	5,473068	5,473068	5,473068	5,473068	5,473068	5,473068	5,473068	5,473068	5,473068
SOELCSVM750	5,999508	4,00045	5,999231	5,000107	3,218452	3,022773	3,174349	3,299435	3,218824	4,480535	5,103014	5,207771
SOELSI7175XP	2,000764	8,492949	2,000764	11,9987	5,999883	3,999882	10,98901	2,981691	8,492949	2,000764	11,42128	9,808935
SOELSI7200XP	27,00012	34,6984	20,00087	33,9999	30,27202	26,27001	32,08748	26,90481	27,60858	29,07964	28,11263	31,89893
SOFUFW33	27,10943	27,07683	30,35269	28,24312	32,64072	31,23928	38,29639	24,55617	28,32076	45,23407	37,10828	29,7724
SOFUFW35	30,73125	24,8629	22,76563	27,00236	26,20048	26,21169	30,85065	28,69327	29,21666	30,01963	27,5927	27,76411
SOFUFW50	13	4,001056	29,99882	18,99837	15,9985	22,80345	24,0149	14,45409	13,00109	13,37651	22,44138	17,43611
SOSWC1-669	7,995061	2,99857	7,002131	3,028605	5,866741	6,001602	3,584293	7,591142	4,426969	5,53264	5,92585	3,897348
SOSWG1-114	2,223422	2,077103	2,077103	2,077103	2,077103	2,077103	2,077103	2,077103	2,077103	2,077103	2,077103	2,077103
SOSWG2-217	0	0	1,99975	0,925547	4,415823	5,515785	0,614907	2,593914	2,380705	1,982616	4,013403	2,184799
SOSWP2-512	1,365803	0,832498	1,68381	0,832498	1,68381	0,832498	1,68381	0,832498	1,68381	0,832498	1,68381	0,832498
SOSWSWA2040N	5,999958	5,415747	5,948544	9,655564	21,6523	14,19337	14,01558	8,237838	5,386649	16,78777	16,41882	17,05734
SOSWSWA3250	1,004296	1,001391	0,089218	2,11445	0,009145	1,558966	1,062762	2,155026	2,712484	1,952435	1,995604	0,724791
SOSWSWW2060N	8,43457	8,43457	8,43457	8,43457	8,43457	8,43457	8,43457	8,43457	8,43457	8,43457	8,43457	8,43457
SOSWT1-112	0,485444	0,371149	0,371149	0,371149	0,371149	0,371149	0,371149	0,371149	0,371149	0,371149	0,371149	0,371149
SOSWT1-115	1,533564	1,587083	1,587083	1,587083	1,587083	1,587083	1,587083	1,587083	1,587083	1,587083	1,587083	1,587083
AUAC265	14,9619	9,744606	4,307332	4,981128	9,39617	12,97883	17,49563	6,499095	3,333139	4,66661	5,999965	12,16661
AUACAC24NE	1,935416	1,656648	1,650254	1,469656	2,207395	0,684692	1,403283	1,937919	1,650443	1,565204	1,487446	1,413049
AUACAE20	4,889995	7,279832	7,093762	6,912448	6,735768	6,563605	6,395841	6,232366	6,073069	5,917843	5,766585	5,619194
AUACAL3900U	4,720738	2,320584	2,591304	3,427021	3,456572	4,731336	3,484968	3,759795	4,635557	3,327618	3,391171	4,424714
AUACALM4	10,87049	4,896869	4,882671	16,81687	7,56142	10,15367	6,203864	13,31431	6,056295	3,565309	7,91184	3,847292
AUACALR4	6,903139	9,121496	2,06555	0	4,609867	11,95016	11,0149	0,869223	0	0	8,245693	10,723
AUACAT42	6,778643	5,235904	4,314889	5,210347	3,595704	4,366994	5,720404	5,717716	3,5902	2,88643	4,259759	4,45345
AUACEG250	10,57248	12,88454	19,4444	16,41433	13,11982	13,95465	17,51515	15,04993	14,77763	15,94487	14,33443	16,1781
AUACEL12	10,76804	4,770752	5,61019	4,464904	2,01297	9,350846	6,625148	4,267901	6,293034	3,967594	11,35174	8,876039
AUACHR42	9,496184	7,483964	8,519994	7,250415	6,835757	7,276125	7,631885	7,647035	7,491695	6,909978	6,841616	7,457158
AUACKCP250R	0	1,306206	0,440133	0,300515	0,884993	0,70289	0,140445	0	0,083401	1,330412	0	0,411723
AUACKCP251C	0,577597	0,121749	0,359281	0,146053	0,238305	0,134591	0,166014	0,112732	0,119652	0,090335	0,088152	0,070758
AUACKCP350C	9,52E-65	5,97E-65	3,74E-65	2,34E-65	1,47E-65	9,21E-66	5,77E-66	3,62E-66	2,27E-66	1,42E-66	8,91E-67	5,58E-67
AUACKCP351R	0	0	0	0	0	0	0	0	0	0	0	0
AUACKCP490C	0	0	0	0,26556	0	0,084313	0	0	0	0	0	0
AUACKCP975R	0,369273	0	0	0,021927	0,175479	0,381466	0,018586	0,058404	0	0	0	0
AUACKH140K	0,007563	0,004201	0,005696	0	0,00533	0	0,023825	0	0,097008	0,282123	0,321107	0,323181
AUACKH70K	0,502845	3,197484	5,798267	1,429348	0	0	2,673834	1,512471	3,907928	2,407217	3,51003	0
AUELCR4301	3,28814	2,609327	2,110579	1,778593	2,07329	1,719637	0,991612	0,891297	0,958792	0,875476	0,801688	0,715647
AUELMC5	12,70961	9,967167	8,158123	11,72158	10,02515	15,29241	8,799154	8,744449	13,72797	6,471505	8,357239	11,0687
HEELAG1165	21,56018	22,99433	22,09693	22,3068	21,64338	21,34041	21,52771	20,25719	20,22361	20,51785	19,90611	19,91431
HEELAIRKIT5	0,718766	0,516625	0,371333	0,266901	0,19184	0,137888	0,099109	0,071236	0,051202	0,036802	0,026452	0,019013
HEELBV05	11,62895	11,56188	11,47069	11,67032	11,42821	11,48566	11,28853	11,11702	11,29441	11,36711	11,1349	11,30766
HEELCA6256	13,73962	5,971011	8,75077	0	15,25775	8,296287	9,840144	5,192577	10,47996	6,127378	12,66496	4,074775
HEELEB7056	28,12494	28,61703	24,98965	22,13061	24,98776	27,2842	26,05101	25,48937	27,92481	27,50873	25,21419	27,66483
HEELEB90758	12,80329	11,80572	11,68542	11,56636	11,44851	11,33186	11,21639	11,10211	10,98898	10,87702	10,76619	10,65649
HEELEP181	1,030149	5,128195	6,023017	17,12838	9,14917	2,196709	7,083534	12,02429	8,313515	5,467513	6,590819	13,03483
HEELMS1018	6,156408	7,241321	6,921154	7,390507	7,186664	8,717738	7,847415	8,599735	7,724562	7,080306	7,417031	8,203876
HEELPS250	8,283555	11,08382	3,21052	2,807961	3,604512	5,075147	5,586412	1,479467	0,737023	2,93713	5,197744	4,689573
HEELPS350	28,39425	29,11186	30,75271	29,90407	29,46161	29,63003	26,84814	32,74936	28,37196	30,34704	36,48593	37,37968
HEELPW1565	29,49663	24,26231	19,9908	23,18161	31,13042	25,44914	32,83785	35,17707	35,46712	35,16683	31,63752	32,15283
HEELPW1770	17,42493	26,23577	18,51973	10,23747	18,67462	20,57915	19,12745	11,75893	12,05514	11,28507	24,24702	20,52853
HEELTA1100	2,004147	1,427664	2,852546	1,516237	2,00073	1,785053	1,475479	1,838647	1,381916	1,76662	1,331955	1,664527
HEELTA375	6,024965	1,41516	7,979193	2,743324	7,332345	4,465165	5,619409	5,44499	3,197076	5,978893	2,824183	5,562075
HEELTB500	12,18334	12,04986	12,24293	11,46244	12,72642	11,48457	11,26566	11,83753	11,38932	10,98894	11,1007	10,74952
MAEL2G13	9,721194	9,749888	10,50363	8,239159	8,549555	8,646694	6,822913	8,58937	11,06807	8,828784	8,824544	8,84053
MAEL2G25	10,15688	7,395435	7,860776	7,159884	7,955089	7,248773	6,260087	7,385454	6,172175	6,044396	6,698581	6,803221
MAELGPW2515	0,941789	1,718588	1,637674	1,114977	0,4297	1,094125	1,355337	1,303736	0,847512	0,831226	0,843659	1,630831
SOELCSVM501	50,15971	24,42232	40,61878	31,71144	36,27424	31,94448	36,78016	36,7574	33,66499	34,47358	40,21459	34,44501
SOELSI8180MP	9,478207	8,818657	10,35112	13,53929	10,9124	8,544203	11,30874	6,70693	5,109955	12,30911	9,196595	6,588218
SOELSI9180DV	11,94214	14,91034	13,81267	14,71367	12,82283	11,37537	12,02728	12,37153	13,08444	12,77127	11,64586	11,05997
SOELSI9300DV	8,856296	6,540567	8,169798	7,352379	6,692354	8,32206	7,971424	7,652675	6,317758	7,251766	6,64653	5,446962
SOELSIC40DV	2,120985	2,700104	2,659399	2,809176	2,721242	2,838992	2,818446	2,667107	2,75336	2,577121	2,574061	2,784543
SOFUFW181	28,17489	10,45573	30,72851	4,46019	2,677965	23,07196	6,413844	9,880179	3,432825	9,983894	3,257589	2,039871
SOSWC1-611	14,80988	14,2605	14,0866	13,91517	12,87589	14,20118	12,79368	15,61555	12,22348	13,30937	12,65693	11,5094
SOSWC1-651	11,11604	11,30642	11,09938	10,66185	10,55363	10,42922	10,47209	10,32385	10,4887	9,926727	10,02786	9,886821
SOSWG2-210	2,019188	2,945054	0,790579	0,810067	1,593911	3,057607	1,496984	1,136997	2,078378	0,938845	1,756285	3,212312
SOSWG2-213	1,819941	3,015871	1,652275	0,084895	1,447	2,371734	2,83684	0,473572	1,8891	0,944478	0,94436	2,832904
SOSWM1-111	12,45939	14,70916	12,72252	14,4359	13,36521	13,59253	13,45759	13,18182	13,39093	13,02461	13,14741	12,91198
SOSWM2-237	0,142853	0,529182	0,014296	0,124885	0,666032	0,823646	0,130369	0,439426	0,553101	0	0,380332	0,232557
SOSWM2-245	0,558678	0	0,512556	0,200272	0,036162	0,410157	0,417479	0,068402	0,225636	0	0,645848	0,119055
SOSWM2-254	0,10317	0,350747	0,160069	0,112608	0,436755	0,2344	0,298386	0,218822	0,192723	0,224819	0,199223	0,111418
SOSWM2-311	0	0	0	0	0	0	0	0	0	3,01E-22	0	0
SOSWSWA153N	12,83442	11,71272	12,39861	11,97921	12,23566	12,07885	12,17473	12,1161	12,15195	12,13003	12,14344	12,13524
SOSWSWP3060	1,62719	2,647126	1,369683	1,400643	1,225289	1,551454	1,504254	1,262735	1,485438	1,096466	0,99281	1,292618
SOSWSWT2045	1,082305	0,952865	0,706495	0,876192	0,921511	0,546047	0,885474	0,549403	0,839484	0,969276	0,918519	0,826001
AUACSPRING35L	0	0	0	0	0	0	0	0	0	0	0	0
AUACSPRING35R	0	0	0	0	0	0	0	0	0	0	0	0
AUACSPRING45L	0	0	0	0	0	0	0	0	0	0	0	0
AUACSPRING45R	0	0	0	0	0	0	0	0	0	0	0	0
AUACAE30	18,54411268	18,54411268	18,54411268	18,54411268	18,54411268	18,54411268	18,54411268	18,54411268	18,54411268	18,54411268	18,54411268	18,54411268
AUACAH45	0,238242738	3,402707859	2,854274658	2,094196342	2,356954317	2,519441631	2,424454092	2,395665688	2,42541455	2,428535447	2,420121805	2,420578513
AUACFL85265	7,299466877	7,131984353	7,34324671	7,382864281	7,413813639	7,470913883	7,522500514	7,571859589	7,622559683	7,673225549	7,72371331	7,774251621
AUACHULK450	6,343114979	5,353750551	5,452215685	5,628460813	5,657176915	5,650571829	5,659965601	5,677147131	5,693234027	5,707997528	5,722707996	5,73760467
AUACHULK750	7,651429294	6,811763885	7,036103898	6,682830337	6,970755498	6,694428358	6,947128797	6,712852077	6,929197509	6,72918659	6,9140369	6,743182339
AUACHULK950	9,864128453	9,42445051	9,75799876	9,832029219	9,993161595	10,12505997	10,26677014	10,40518719	10,5447095	10,68386086	10,82313672	10,96237079
AUACKCP551R	1,102470656	1,150741048	1,153126867	1,155364506	1,157463168	1,159431485	1,161277552	1,163008961	1,164632835	1,166155852	1,167584277	1,168923983
AUACLD500	0,237180115	0	0,235267244	0	0,191554292	0	0,141256054	0	0,090606447	0	0,040661066	0
HEELAG1141	34,8382303	34,8382303	34,8382303	34,8382303	34,8382303	34,8382303	34,8382303	34,8382303	34,8382303	34,8382303	34,8382303	34,8382303
HEELBV04	10,61046044	9,822885711	9,404016146	9,07000706	8,755529299	8,445546832	8,136598992	7,82788928	7,519234375	7,210592085	6,901952698	6,593313979
HEELCA1012D	3,148341001	2,890300192	2,632259384	2,374218576	2,116177768	1,85813696	1,600096152	1,342055344	1,084014536	0,825973728	0,56793292	0,309892112
HEELCA1510	19,6055388	21,71169192	20,44553902	20,4933659	20,76715511	20,6399284	20,63029779	20,66393164	20,65190374	20,64919326	20,65313639	20,65209357
HEELCS1425	6,242038665	7,877056544	7,836834249	8,179530623	8,407326287	8,642460801	8,856631725	9,057973279	9,245695286	9,421094738	9,584889204	9,737868654
HEELHG1600	22,96574702	25,30041708	26,50718249	24,99975133	25,61393497	26,21945904	25,85671944	26,07021447	26,38737663	26,37889729	26,51531635	26,71549976
HEELMS1021S	3	3	3	3	3	3	3	3	3	3	3	3
HEELTA550	4,983904408	4,88875994	4,793615471	4,698471003	4,603326535	4,508182066	4,413037598	4,31789313	4,222748661	4,127604193	4,032459725	3,937315256
HEELTA750	10,15779243	11,15928388	11,65022581	11,10044611	11,33848951	11,31439403	11,27411799	11,30562256	11,29482554	11,29438027	11,29719476	11,29549183
HEELTS255	3,188335904	3,428950187	3,237727977	3,256941444	3,311831029	3,276287456	3,276401109	3,288431067	3,282034787	3,281323161	3,283874915	3,282768415
HEFUFCD21	51,51303339	47,8656911	44,08379281	41,54799537	40,2907689	39,88651924	39,90303364	40,05341352	40,19685296	40,28903736	40,33276716	40,34550774
MAEL2G65	13	13	13	13	13	13	13	13	13	13	13	13
MAEL2G950	10,91999864	10,50474029	11,52320339	11,30616866	11,08625596	11,22089855	11,23943432	11,19478588	11,20420567	11,2138777	11,20799192	11,20716483
SOELCSVM530	36,41662303	36,83324606	37,2498691	37,66649213	38,08311516	38,49973819	38,91636122	39,33298426	39,74960729	40,16623032	40,58285335	40,99947638
SOELRSF0810B	0	0	0	0	0	0	0	0	0	0	0	0
SOELRSS0608B	0	0	0	0	0	0	0	0	0	0	0	0
SOSWC6-603	6	6	6	6	6	6	6	6	6	6	6	6
SOSWM2-246	0,090667804	0,113164575	0,118746542	0,120131557	0,120475211	0,120560479	0,120581636	0,120586886	0,120588188	0,120588512	0,120588592	0,120588612
SOSWP2-410	0,897053967	0,897053967	0,897053967	0,897053967	0,897053967	0,897053967	0,897053967	0,897053967	0,897053967	0,897053967	0,897053967	0,897053967
SOSWP2-418	0,986654656	0,834167703	0,834167703	0,834167703	0,834167703	0,834167703	0,834167703	0,834167703	0,834167703	0,834167703	0,834167703	0,834167703
SOSWP2-511	1,888338173	1,693111827	1,635872289	1,590886441	1,572227599	1,56080097	1,55534646	1,552305374	1,550768894	1,549943091	1,549516261	1,549290154
SOSWP2-513	1,751554259	1,810534713	1,869515167	1,928495621	1,987476075	2,046456529	2,105436983	2,164417436	2,22339789	2,282378344	2,341358798	2,400339252
SOSWSWA2057	11,14705383	11,14705383	11,14705383	11,14705383	11,14705383	11,14705383	11,14705383	11,14705383	11,14705383	11,14705383	11,14705383	11,14705383
SOSWSWC1000	0	0	0	0	0	0	0	0	0	0	0	0
AUACAR10SC901	0,6	0	0	0	0	0	0	0	0	0	0	0
AUACCRAB03	1	1	1,2	1	1	1	1	1	1	1	1	1
AUACFENIX600	3,6	6,2	6	5,8	3,6	2,6	2,2	1,8	2,8	4	3,6	6
AUACKCP201R	0	0	0	0	0	0	0	0	0	0	0	0
AUACKCP375C	1,4	0,8	0,8	0,8	0,8	1,2	0,8	0,8	0,8	1,2	1,2	0,8
AUACKCP376R	2,4	0,6	1	1,8	0,6	1,6	1,8	2,2	3	4,2	3	3,6
AUACKCP400C	0,4	0,4	0,4	0,4	0,4	0,4	0,4	0,4	0,4	0,4	0,4	0,4
AUACKCP401R	0,2	0,2	0,2	0,2	0,2	0,2	0,2	0,2	0,2	0,2	0,2	0,2
AUACKCP450R	1,2	0	0	0,6	0	0	0	0	0	0	0	0
AUACKCP451C	0	0	0	0	0	0	0	0	0	0	0	0
AUACKCP491R	0,2	0,2	0,2	0,2	0,2	0,2	0,2	0,2	0,2	0,2	0,2	0,2
AUACKCP575R	0	0	0	0	0	0	0	0	0	0	0	0
AUACKCP801R	1,8	2,2	2,4	3	1,8	2,6	1,8	2,6	1	2,6	1,2	2,6
AUACKCP875R	2	1,2	1,4	1,6	2	2,6	2,6	2,6	3,8	2,6	2,2	4,2
AUACKCP950R	0,4	0,2	0,6	0,6	1,6	2,2	1,8	2	2	2	2,6	2,6
AUACKH100K	0	0	0	0	0	0	0	0	0	0	0	0
AUACKH120K	0,6	0,6	0,6	0,6	0,6	0,6	0,6	0,6	0,6	0,6	0,6	0,6
AUACKH55K	0,4	0,4	0,4	0,4	0,4	0,4	0,4	0,4	0,4	0,4	0,4	0,4
AUACKSH20	0,4	0,8	0,4	1	0,2	1,2	0,4	1,2	0,4	1,6	0,4	1,6
AUACOP3090W	14,2	18	14	17,2	17,8	16,4	19,2	16,2	19,2	16,2	19,2	15,8
AUACOWL504	4,8	4,2	7,2	8,4	4,6	5,8	8	5,2	5,8	7,6	6,8	5,2
AUACOWL608	3,4	3,2	4,4	4,6	4,2	4,2	4,2	6	6	6	6	6,2
AUACSC901	23,4	31,4	30,4	31,6	31,6	31,6	27,8	22,8	23,6	23,6	22,6	27,4
AUACSLB220	0,4	0,8	0	0,4	0,8	0	0,4	0,8	0	0,4	0,8	0
AUACVIPER100	0,2	0,8	0,6	1	1	0,6	0,6	0,4	0,6	0,6	0,2	0,6
AUELMC12	3,6	3,6	3,8	3,6	3,6	3,6	3,6	3,6	3,6	3,6	3,6	3,6
AUELME611	9,8	7,8	8	7,6	6,4	7,6	6	7,6	7,6	7,6	7,6	6
HEELAIRKIT20	7,2	4,2	7,4	9,4	6	6	12	8,6	7,8	5,8	8,4	8,4
HEELCA1024S	17	19,8	18,8	23	18,6	16,6	20	21,8	21,2	18,6	18,6	21,8
HEELVC0535P	8,4	8,4	9,8	8	7,6	8	8	7	8	8,8	6,6	8,8
HEELXB0420	3,2	5,8	3,2	4,6	6,2	3,6	5,6	5	3,6	5,6	3,2	3,6
HEELXIW20	4,4	5,2	4,4	5,2	5,6	5,2	5,4	5,2	5,2	4,4	5,4	4,4
HEFUBFCD21	3,8	3,2	3,2	3,2	3,6	4,2	3,6	3,8	3,6	3,8	4,2	4,2
HEFUCBFCD12	1	0,6	0,6	0,4	0,4	0,4	0,2	0	0	0	0	0
HEFUCBFCD21	2,4	2,8	3,2	2,4	2,2	2,6	2,4	2,2	2,6	2,8	2,4	2,6
HEFUFCD12KIT	31,6	21,4	30	27,8	27,6	19,6	32,4	21	30,4	19,6	32,4	20,4
HEFUFCS2511	8,6	9,6	6,2	9,4	8,6	6	8,8	8,6	6,8	8,8	8,6	9,2
HEFUFG71	59,2	64,6	46,8	56,4	50,8	44,6	50,2	36,6	39,4	33,6	49,2	52
HEFUFHG18	22	27,4	24,2	24,4	20,8	20,2	28	26,8	27	24,4	19,4	22,6
HEFUFPS25	9	9,6	11	10,6	9	9	9	9	9	9	9	9
MADUDG23I	2,6	2,4	2,6	1,2	2,6	1	3,4	0,6	3,4	1,2	3,4	1,2
MADUDG401I	0,4	0,4	0	0	0	0	0	0	0	0	0	0
MAEL2G10I	9,8	7,6	5,6	5,6	7,8	4,8	3,2	2,6	3,2	4	5,4	5,4
MAEL2G40	9	12	8	12,6	6,6	8,6	11,2	8,8	12,4	7,2	8,6	7
SOELAT2635504M	2,6	2,6	1	3,6	2,4	2,4	4,4	1,4	1,8	3	2,8	2,6
SOELCSVM760	12,6	15,6	9,6	10,2	10,2	11	15,6	12	10,2	9,2	9	12,6
SOELPMS6505	2,6	2,8	1,4	1,6	1,6	1,4	1,6	1,6	1,6	1,6	1,6	1,6
SOELSI7160XP	18,2	17,4	20,8	20,8	18,2	19,8	20,8	20,8	20,8	19,8	20,8	20,8
SOELSI8225AL	4,8	1,4	4,8	1,2	3,8	2	3,2	3,4	3,4	3,6	2,6	3,8
SOELSI8300MG	9,8	4	8,4	7,6	11,2	8	11,2	9	9,2	10	8,2	7,6
SOELSI9220MP	10,6	6,8	11	7,6	10	7	13	7	11,2	7,6	10	8
SOELSI9250DV	10,6	9,4	12	7,6	12	7,8	13	7,4	12,4	7,4	12,4	7,4
SOFUFW125	11,6	11,2	14,4	16	16,4	12	14,4	16,2	16,6	11,6	14,4	14,6
SOFUFW185	16,4	16,2	18	16,8	17,6	17,6	17,6	16,2	17,6	16,2	16,2	16,2
SOFUFW205CEL	26	26	29,4	26	26	26	26	26	26	26	26	26
SOFUFW255P	12	11,2	8,6	6,6	7	8,8	8,6	8,6	9,4	8,6	8,6	8,6
SOFUFW81	6,8	9,8	6,8	9,8	6,8	9,8	6,8	9,8	6,8	9,8	6,8	9,8
SOFUFWA4012	1,6	1,4	1,6	1,4	1,6	1,4	1,2	1	1,4	0,6	1	0,6
SOFUFWA4013	1	0,6	0,8	0,4	1	0,4	1	0,4	0,8	0,4	0,8	0,4
SOFUFWA4014	0	0	0	0	0	0	0	0	0	0	0	0
SOSWM3-215	18,4	15,6	10,4	14,4	17	17	17,8	17,8	18,6	16	14,4	14,4
SOSWM3-225	6	4,2	6,8	5,6	9	7,6	7,6	4,2	6,8	5,6	6,8	8
SOSWM3-316	3,4	1,4	3,4	7,2	10,6	10,8	10,4	5,4	4,8	3,2	5	5,2
SOSWM3-325	10,4	8,4	8,4	7,6	7,6	10,4	8,4	8,4	8,4	8,4	7,6	7,6
SOSWM3-327	3,2	2,8	2,8	2,8	3,2	3,2	3,2	3,2	3,2	3,2	3,2	3,2
SOSWP1-330	1	0,8	0,8	0,6	1	0,8	0,6	1	1,2	1	1,2	1,2
SOSWP2-417	1	1	1	1	1,2	1,2	1,2	1,2	1,2	1,2	1,2	1,2
AUACBOOM06T	5,4	2,4	0,2	2	1,8	1,8	0	0	0	0	0	0
AUACKH60K	0	0	0	0	0	0	0	0	0	0	0	0
AUACMTD624	4,8	4,8	4	4	4	4	4	4	4	4	4	4
AUACSPRING50L	0,2	0,4	0,6	0,2	0	0	0	0	0	0	0	0
AUACSPRING50R	0,2	0,4	0,2	0	0	0	0	0	0	0	0	0
AUACSPRING55R	5,8	2	5,8	5,8	5,8	5,8	5,8	5,8	5,8	5,8	5,8	5,8
AUACSPRING60L	2	2,6	2	2	1,4	1,4	1	0	0	0	0	0
AUACSPRING70L	1,4	1,4	1,4	1,4	1,4	1,4	1,4	1,4	1,4	1,4	1,4	1,4
AUACSPRING70R	2,4	2,2	3,4	2,4	2,2	2,2	2,2	2,2	2,2	2,2	2,2	2,2
AUACSPRING80L	2,6	1,6	2,6	1,6	1,6	1,2	1,2	1,2	0	0	0	0
AUACSPRING80R	0,4	1,8	3,2	0	1,8	1,8	0	1,8	1,8	0	1,8	1,8
AUELEP100240	3	3,8	3	3	4,8	3	3	3	3	3	3	3
HEFUFDH1320	0,6	0	0	0	0	0	0	0	0	0	0	0
HEFUFRM13030	9	7,2	9	9	9	9	9	9	9	9	9	9
SOELKITSI7160XP	5,6	5,6	5,6	5,6	5,6	5,6	5,6	5,6	5,6	5,6	5,6	5,6
SOFUFW121	12,4	12,4	12,4	12,4	12,4	12,4	12,4	12,4	12,4	12,4	12,4	12,4
SOSWM1-117	0,6	0,6	0,6	0,6	0,6	0,6	0,6	0,6	0,6	0,6	0,6	0,6
SOSWM3-326	0	0	0	0	0	0	0	0	0	0	0	0
SOSWSWA2850	1,2	1,4	2	2	2,6	2	2,6	2,6	2,6	2,6	2,6	2,6
SOSWSWW2760	1	0,6	0,8	0,6	0,4	0	0	0	0	0	0	0
SOSWSWW4070MV	0,8	0,8	0,8	1	1	1	1	1	1	1	1	1
AUACAE25	2,08522029	2,08522029	2,08522029	2,08522029	2,08522029	2,08522029	2,08522029	2,08522029	2,08522029	2,08522029	2,08522029	2,08522029
AUACALS4	17,79442049	17,79442049	17,79442049	17,79442049	17,79442049	17,79442049	17,79442049	17,79442049	17,79442049	17,79442049	17,79442049	17,79442049
AUACMN20	2,685790265	1,754948404	1,454438414	1,653370075	1,966711787	3,422495998	3,858121783	2,715811031	1,562549893	2,336943253	2,278242569	3,3230833
AUELCR433	12,08542766	7,046535605	11,06544065	9,056714824	8,082536233	9,636034448	9,06329391	8,707698672	9,216806003	9,07679391	8,951824213	9,121156881
HEELAG230	4,956972388	3,668899711	3,057727592	5,956182669	8,463016289	10,23710051	2,411164141	4,994543817	3,668899711	3,057727592	5,956182669	8,463016289
HEELID600	16,0515484	15,31877062	13,6693103	28,00573158	17,17596109	14,34993484	34,83040462	29,474409	15,66964913	30,44670971	36,45604975	17,92026791
HEELVC2525P	11,08518163	15,76078013	10,6006896	14,80976521	10,68809292	14,22571791	15,03016115	10,96834494	15,13691144	11,44449224	14,98645357	14,10816979
HEELXAG20	13,20031274	12,5039129	10,77154649	9,866454681	9,243180225	9,44424339	9,865349257	9,731349257	9,694015923	9,694015923	9,694015923	9,694015923
HEELXID20	16,35784246	16,44295329	16,44295329	16,44295329	16,44295329	16,44295329	16,44295329	16,44295329	16,44295329	16,44295329	16,44295329	16,44295329
HEFUFC25	11,23907161	13,47363936	11,35612654	15,26164552	15,95086199	14,79571745	13,39956331	11,73791103	15,14027173	12,80629304	13,02833651	13,99465541
SOELCSVM500OP	0,683182263	1,20807853	1,20807853	1,20807853	1,20807853	1,20807853	1,20807853	1,20807853	1,20807853	1,20807853	1,20807853	1,20807853
SOSWC1-620	6,43	6,43	6,43	6,43	6,43	6,43	6,43	6,43	6,43	6,43	6,43	6,43
SOSWG2-214	5,512575278	4,089488705	5,707397602	7,358375949	6,369023859	7,777066001	7,76975301	7,403428397	7,591774718	7,405138207	7,750598672	7,405138207
SOSWM2-251	2,840665905	2,77658657	2,77658657	2,77658657	2,77658657	2,77658657	2,77658657	2,77658657	2,77658657	2,77658657	2,77658657	2,77658657
SOSWM3-315	27,69267532	14,82661183	9,804738095	22,06779365	13,5992785	9,553321429	32,71529762	13,69970707	9,522404762	21,20429365	13,2835285	9,368654762
SOSWP2-515	2,773601014	1,934600239	1,52924834	1,75751859	1,822604914	2,789897011	3,025246871	2,763481403	1,886708296	1,780627214	1,57032172	1,606337893
SOSWP2-516	2,166029635	4,020942297	3,145293274	2,816577971	3,812500487	3,214130267	2,992411995	2,946706058	3,167325151	3,192587777	3,135919345	3,225294848
SOSWSWC690	2,768256293	2,403988462	1,266176108	2,086063026	1,993728466	1,845796259	1,936256028	1,812782856	1,790352653	2,192245532	1,446618776	1,721198474
AUACKH160K	0	0	0	0	0	0	0	0	0	0	0	0
AUACKH80K	0	0	0	0	0	0	0	0	0	0	0	0
AUELME624DC	1	1	1	1	1	1	1	1	1	1	1	1
HEELBM3514	13	13	13	13	13	13	13	13	13	13	13	13
HEELBM5016	4	4	4	4	4	4	4	4	4	4	4	4
AUACAF31C	2,272727254	2,272727254	2,272727254	2,272727254	2,272727254	2,272727254	2,272727254	2,272727254	2,272727254	2,272727254	2,272727254	2,272727254
AUACALH2	7,110973479	6,738642132	8,706557226	8,832833825	8,627974655	8,627974655	8,627974655	8,627974655	8,627974655	8,627974655	8,627974655	8,627974655
AUACALK4	0,083810989	1,458438601	1,069197322	1,080809594	1,081323402	0,852209166	0,97453629	0,829565869	0,829565869	0,853107231	0,876134784	0,876134784
AUACAN4275	10,67263037	8,349053654	6,455315035	7,990850048	7,946119761	4,483862443	4,375059817	4,222167661	3,165104821	2,073981321	3,685892681	7,904978463
AUACBD1100	6,763606038	6,763606038	6,763606038	6,763606038	6,763606038	6,763606038	6,763606038	6,763606038	6,763606038	6,763606038	6,763606038	6,763606038
AUACBD850	15,317689	13,65943202	13,65943202	13,65943202	13,65943202	13,65943202	13,65943202	13,65943202	13,65943202	13,65943202	13,65943202	13,65943202
AUACEG500	6,866750878	2,448603776	5,35288055	3,817208155	1,433216863	4,449044484	2,175472787	2,097888726	3,394589427	3,53057957	1,593822301	3,790700263
AUACFC350	6,108253695	6,108253695	6,108253695	6,108253695	6,108253695	6,108253695	6,108253695	6,108253695	6,108253695	6,108253695	6,108253695	6,108253695
AUACKCP200C	4,465506749	6,416452616	8,883521867	7,143414313	8,883521867	7,143414313	8,883521867	7,143414313	8,883521867	7,143414313	8,883521867	7,143414313
AUACKCP300C	1,432490794	0	0,855095385	1,383509003	6,270346286	2,599774454	2,088079608	2,691765242	0,126507817	2,889412121	0,321358138	2,49962116
AUACKCP900R	0,701026029	0,144482111	0	1,123607815	1,593968614	0,129622129	0,619924287	1,399575217	1,399575217	1,399575217	1,399575217	1,399575217
AUACRCBLT3	5,03792273	7,501817896	11,18168886	9,0549246	9,184779414	10,15620565	9,546781933	8,828059634	9,437483352	10,15620565	9,546781933	8,828059634
AUACRIM4F	56,32940172	55,22574337	55,22574337	55,30038605	55,30038605	55,30038605	55,30038605	55,30038605	55,30038605	55,30038605	55,30038605	55,30038605
AUACRIM4Z	13,3044959	10,6639734	10,6639734	10,6639734	10,6639734	10,6639734	10,6639734	10,6639734	10,6639734	10,6639734	10,6639734	10,6639734
AUACRP120	18,80332124	17,8419334	17,13169083	17,58145811	17,7122761	18,20792666	18,20792666	18,20792666	18,20792666	18,20792666	18,20792666	18,20792666
AUACRT2415U	13,93247738	7,629712777	10,69058241	8,582074934	7,253445887	12,38841132	7,148443165	12,0320912	12,82416533	9,811541547	11,23142333	11,06816234
AUACSH1000	44,31394017	50,07370075	43,07079754	51,77030373	43,07079754	51,77030373	43,07079754	51,77030373	43,07079754	51,77030373	43,07079754	51,77030373
AUELPA42	2,684848897	2,395300405	2,684848897	2,395300405	2,684848897	2,395300405	2,684848897	2,395300405	2,684848897	2,395300405	2,684848897	2,395300405
HEELCA2542D	9,212354113	5,225018381	6,718429339	13,14382924	6,480202826	8,247105344	7,336690634	10,93374123	2,099279377	7,987587307	3,947516269	4,525873213
HEELCA6205	20,65151454	19,20733591	16,08128447	16,05501514	16,05501514	16,05501514	16,05501514	16,05501514	16,05501514	16,05501514	16,05501514	16,05501514
HEELCHS16	23,3355767	9,274312471	21,90963723	9,138492365	18,04657548	10,57950285	21,30860092	10,4118681	21,90963723	9,138492365	18,04657548	10,57950285
HEELCINPU30410	6,447266648	7,527084534	6,904684337	6,40540831	7,080973467	6,990183576	7,758645971	6,54786667	7,572129316	6,882464592	6,882464592	6,40540831
HEELPW2275	27,2502155	28,64213672	28,64213672	28,64213672	28,64213672	28,64213672	28,64213672	28,64213672	28,64213672	28,64213672	28,64213672	28,64213672
HEELRT1512	12,80811543	3,909937645	10,91235502	3,991222231	12,09365737	1,810499651	8,678566568	3,422584322	8,80588621	3,476069333	9,861906305	3,483742389
HEELSP500	16,60078018	16,60078018	16,60078018	16,60078018	16,60078018	16,60078018	16,60078018	16,60078018	16,60078018	16,60078018	16,60078018	16,60078018
HEELVC0115P	14,52006995	17,9107313	12,87981793	15,62749839	13,77174877	13,25116312	15,29612054	14,09768622	13,41915373	14,11710762	14,1294935	15,50778884
HEELVC0640P	17,18281446	17,03172683	15,76247092	17,03172683	17,03172683	15,76247092	17,03172683	17,03172683	15,76247092	17,03172683	17,03172683	15,76247092
HEFUFCD10	19,53877072	23,26440997	20,42373839	20,7039072	25,20375057	19,92675491	19,92675491	20,57618903	19,92675491	19,92675491	20,57618903	19,92675491
MADUDG121-A	2,025655781	1,758636261	0,929768885	0,271262671	0,504439824	1,564515765	0,201389423	0,033234543	0,248631208	0,558121011	0,380623988	1,562274337
MAEL2G100	9,984263602	11,61070921	10,67550298	10,67550298	10,67550298	10,67550298	10,67550298	10,67550298	10,67550298	10,67550298	10,67550298	10,67550298
SOELCSVM510	25,9071243	20,65102016	17,31560574	15,98645175	17,68332002	11,99931408	15,50775748	11,38751299	14,93077418	9,789529512	23,29322917	8,19100498
SOELPES6300	6,24541592	7,748913644	6,346509113	5,186775895	8,462415109	6,281521866	4,839421959	6,63077283	6,528228352	4,879702631	6,569012916	6,654117391
SOELSI6140DV	31,35205254	48,5446322	27,2295668	31,7294311	40,90265355	29,87256481	35,13165974	40,80809969	36,77398724	51,84015886	29,34351322	36,97641203
SOELSI7130MP	19,37388325	19,88226925	19,88226925	19,88226925	19,88226925	19,88226925	19,88226925	19,88226925	19,88226925	19,88226925	19,88226925	19,88226925
SOELSI9220DV	15,78635902	15,78635902	15,78635902	15,78635902	15,78635902	15,78635902	15,78635902	15,78635902	15,78635902	15,78635902	15,78635902	15,78635902
SOFUFW161M	25,44045413	21,28766297	20,05790947	21,03394678	39,03974727	21,42184015	21,02833114	18,33654511	21,23860952	18,83271775	38,0552695	38,0552695
SOSWG1-110	5,272431695	5,272431695	5,272431695	5,272431695	5,272431695	5,272431695	5,272431695	5,272431695	5,272431695	5,272431695	5,272431695	5,272431695
SOSWG1-112	2,235852609	2,254411068	2,162043911	2,162043911	2,162043911	2,162043911	2,162043911	2,162043911	2,162043911	2,162043911	2,162043911	2,162043911
SOSWG2-216	0,669431988	0,878572712	0,873122324	0,770233483	0,770233483	0,770233483	0,770233483	0,770233483	0,770233483	0,770233483	0,770233483	0,770233483
SOSWM2-211	0,988637437	0,586118284	1,300462632	1,311985433	1,311985433	1,311985433	1,311985433	1,311985433	1,311985433	1,311985433	1,311985433	1,311985433
SOSWP2-414	0,673392757	2,408116352	0	0	1,973311882	0	0,314656862	2,961921348	1,004910404	0,908023814	2,708882353	4,242182183
SOSWP2-517	3,961447945	5,433535607	5,438082652	4,943957896	4,884531552	5,993420044	4,536403177	4,391685977	3,972121207	3,79863044	3,781195397	4,232615509
SOSWSWC440N	0,597481237	2,891533326	4,449593261	3,798268114	1,88041672	1,054967727	0,597481237	2,891533326	4,449593261	3,798268114	1,88041672	1,054967727
SOSWSWT2035	2,124683924	0,286548606	0,296156038	0,976735514	1,227403264	1,307320508	0,93032857	0	0	0,758737321	1,014909765	0,060827901
SOSWSWW2550	2,340986702	2,360411815	2,340986702	2,360411815	2,37565247	2,325746047	2,325746047	2,340986702	3,148383434	3,148383434	2,340986702	2,340986702
SOSWT1-111	3,004646234	3,501551596	4,1365837	3,966126191	2,211520167	2,001770945	2,001770945	4,193068854	4,402818077	4,32936972	2,211520167	2,001770945